name,code,block,block5,num,stocks
煤炭,880301,T0101,T0101,32,"['000552', '000571', '000723', '000937', '000983', '600121', '600123', '600188', '600348', '600395', '600397', '600403', '600408', '600508', '600546', '600740', '600758', '600792', '600925', '600971', '600985', '600997', '601001', '601011', '601015', '601088', '601101', '601225', '601666', '601699', '601898', '601918']"
煤炭开采,880302,T010101,T0101,25,"['000552', '000571', '000937', '000983', '600121', '600123', '600188', '600348', '600395', '600397', '600403', '600508', '600546', '600758', '600925', '600971', '600985', '601001', '601088', '601101', '601225', '601666', '601699', '601898', '601918']"
焦炭加工,880303,T010102,T0101,7,"['000723', '600408', '600740', '600792', '600997', '601011', '601015']"
电力,880305,T0102,T0102,81,"['000027', '000037', '000155', '000507', '000531', '000537', '000539', '000543', '000591', '000595', '000600', '000601', '000690', '000722', '000767', '000791', '000862', '000875', '000883', '000899', '000966', '000993', '001258', '001286', '001289', '001896', '002015', '002039', '002053', '002218', '002256', '002479', '002513', '002608', '003035', '003816', '300040', '600011', '600021', '600023', '600025', '600027', '600032', '600098', '600101', '600116', '600157', '600163', '600236', '600310', '600396', '600452', '600483', '600505', '600509', '600575', '600578', '600642', '600644', '600674', '600726', '600744', '600780', '600795', '600821', '600863', '600868', '600886', '600900', '600905', '600930', '600969', '600979', '600995', '601016', '601222', '601619', '601778', '601985', '601991', '603693']"
水力发电,880306,T010201,T0102,21,"['000601', '000722', '000791', '000883', '000993', '002039', '600025', '600101', '600116', '600236', '600310', '600452', '600505', '600644', '600674', '600868', '600886', '600900', '600969', '600979', '600995']"
火力发电,880307,T010202,T0102,31,"['000027', '000037', '000531', '000539', '000543', '000600', '000690', '000767', '000875', '000899', '000966', '001286', '001896', '002608', '600011', '600021', '600023', '600027', '600098', '600157', '600396', '600509', '600575', '600578', '600642', '600726', '600744', '600780', '600795', '600863', '601991']"
新型电力,880308,T010203,T0102,29,"['000155', '000507', '000537', '000591', '000595', '000862', '001258', '001289', '002015', '002053', '002218', '002256', '002479', '002513', '003035', '003816', '300040', '600032', '600163', '600483', '600821', '600905', '600930', '601016', '601222', '601619', '601778', '601985', '603693']"
石油,880310,T0103,T0103,39,"['000059', '000096', '000159', '000554', '000637', '000698', '000819', '000968', '002207', '002221', '002554', '002629', '002828', '300055', '300135', '300164', '300191', '300483', '300839', '600028', '600256', '600339', '600346', '600506', '600583', '600688', '600759', '600777', '600871', '600938', '600968', '601808', '601857', '603353', '603619', '603727', '603798', '920088', '920099']"
石油开采,880311,T010301,T0103,21,"['000968', '002207', '002554', '002629', '002828', '300164', '300191', '300483', '600256', '600339', '600583', '600759', '600777', '600871', '600938', '600968', '601808', '601857', '603619', '603727', '920088']"
石油加工,880312,T010302,T0103,14,"['000059', '000637', '000698', '000819', '002221', '300055', '300135', '300839', '600028', '600346', '600506', '600688', '603798', '920099']"
石油贸易,880313,T010303,T0103,4,"['000096', '000159', '000554', '603353']"
钢铁,880318,T0201,T0201,59,"['000655', '000708', '000709', '000717', '000761', '000778', '000825', '000898', '000923', '000932', '000959', '001203', '002075', '002110', '002132', '002135', '002318', '002443', '002445', '002478', '002541', '002593', '002722', '002743', '002843', '300881', '600010', '600019', '600022', '600117', '600126', '600231', '600282', '600295', '600307', '600382', '600399', '600477', '600496', '600507', '600558', '600569', '600581', '600782', '600808', '600992', '601003', '601005', '601096', '601121', '601686', '601969', '603028', '603278', '603878', '603995', '605158', '688186', '920057']"
普钢,880319,T020101,T0201,26,"['000655', '000709', '000717', '000761', '000898', '000923', '000932', '000959', '001203', '002110', '600010', '600019', '600022', '600126', '600231', '600282', '600307', '600382', '600569', '600581', '600782', '600808', '601003', '601005', '601121', '601969']"
特种钢,880320,T020102,T0201,10,"['000708', '000825', '002075', '002318', '600117', '600295', '600399', '600507', '603995', '688186']"
钢加工,880321,T020103,T0201,23,"['000778', '002132', '002135', '002443', '002445', '002478', '002541', '002593', '002722', '002743', '002843', '300881', '600477', '600496', '600558', '600992', '601096', '601686', '603028', '603278', '603878', '605158', '920057']"
有色,880324,T0202,T0202,136,"['000060', '000426', '000506', '000603', '000612', '000629', '000630', '000633', '000657', '000688', '000737', '000751', '000758', '000762', '000807', '000831', '000878', '000933', '000960', '000962', '000969', '000975', '001337', '002114', '002128', '002149', '002155', '002160', '002167', '002171', '002176', '002182', '002192', '002203', '002237', '002240', '002295', '002340', '002378', '002379', '002428', '002460', '002466', '002497', '002501', '002532', '002540', '002578', '002667', '002716', '002738', '002756', '002824', '002842', '002978', '002988', '002996', '003038', '300057', '300139', '300328', '300337', '300618', '300697', '300855', '300930', '300963', '301026', '301152', '301219', '301522', '600111', '600219', '600255', '600259', '600281', '600301', '600338', '600361', '600362', '600392', '600456', '600459', '600489', '600490', '600497', '600531', '600547', '600549', '600595', '600615', '600711', '600768', '600888', '600961', '600988', '601020', '601069', '601137', '601168', '601212', '601388', '601600', '601609', '601677', '601702', '601899', '601958', '603045', '603115', '603124', '603132', '603271', '603399', '603527', '603663', '603799', '603876', '603937', '603978', '603979', '603993', '605208', '605376', '688102', '688122', '688456', '688750', '688786', '920068', '920152', '920167', '920576', '920634', '920751', '920914']"
铜,880325,T020201,T0202,18,"['000630', '000737', '000878', '002171', '002203', '002295', '300697', '600362', '600490', '601168', '601212', '601609', '601899', '603124', '603527', '603979', '688102', '688456']"
铝,880326,T020202,T0202,31,"['000612', '000807', '000933', '002128', '002160', '002379', '002501', '002532', '002540', '002578', '002824', '002988', '002996', '003038', '300057', '300337', '600219', '600361', '600595', '600615', '600768', '600888', '601388', '601600', '601677', '601702', '603115', '603271', '603876', '603937', '605208']"
铅锌,880327,T020203,T0202,14,"['000060', '000426', '000603', '000688', '000751', '000758', '002114', '600338', '600497', '600531', '600961', '601020', '603132', '920634']"
黄金,880328,T020204,T0202,10,"['000506', '000975', '001337', '002155', '002237', '300139', '600489', '600547', '600988', '601069']"
小金属,880329,T020205,T0202,63,"['000629', '000633', '000657', '000762', '000831', '000960', '000962', '000969', '002149', '002167', '002176', '002182', '002192', '002240', '002340', '002378', '002428', '002460', '002466', '002497', '002667', '002716', '002738', '002756', '002842', '002978', '300328', '300618', '300855', '300930', '300963', '301026', '301152', '301219', '301522', '600111', '600255', '600259', '600281', '600301', '600392', '600456', '600459', '600549', '600711', '601137', '601958', '603045', '603399', '603663', '603799', '603978', '603993', '605376', '688122', '688750', '688786', '920068', '920152', '920167', '920576', '920751', '920914']"
化纤,880330,T0203,T0203,33,"['000301', '000420', '000677', '000703', '000782', '000936', '000949', '002064', '002206', '002254', '002427', '002493', '002998', '300180', '300699', '300777', '300876', '301057', '600063', '600409', '600527', '600810', '600889', '601113', '601233', '603225', '603332', '603382', '603406', '605166', '688295', '688722', '920077']"
化工,880335,T0204,T0204,440,"['000408', '000422', '000510', '000525', '000545', '000553', '000565', '000635', '000683', '000691', '000695', '000707', '000731', '000792', '000818', '000822', '000830', '000859', '000881', '000893', '000902', '000912', '000920', '000973', '000985', '000990', '001207', '001217', '001218', '001231', '001333', '001335', '001356', '001358', '001378', '002004', '002014', '002037', '002054', '002068', '002092', '002096', '002108', '002109', '002125', '002136', '002145', '002165', '002170', '002211', '002215', '002224', '002226', '002246', '002250', '002258', '002263', '002274', '002312', '002319', '002324', '002326', '002360', '002361', '002381', '002386', '002391', '002395', '002407', '002408', '002440', '002442', '002453', '002455', '002457', '002469', '002470', '002476', '002496', '002522', '002538', '002539', '002545', '002556', '002584', '002585', '002588', '002601', '002632', '002641', '002643', '002648', '002666', '002669', '002683', '002694', '002709', '002734', '002735', '002741', '002748', '002749', '002753', '002768', '002783', '002802', '002809', '002810', '002825', '002827', '002838', '002886', '002895', '002909', '002915', '002917', '002942', '002971', '002986', '003002', '003017', '003018', '003022', '003042', '300019', '300037', '300041', '300054', '300067', '300072', '300082', '300107', '300109', '300121', '300132', '300169', '300174', '300198', '300200', '300214', '300218', '300221', '300225', '300230', '300243', '300261', '300305', '300320', '300321', '300343', '300387', '300393', '300398', '300405', '300429', '300437', '300478', '300481', '300487', '300505', '300522', '300535', '300537', '300538', '300539', '300568', '300575', '300576', '300586', '300587', '300596', '300599', '300610', '300637', '300641', '300644', '300647', '300665', '300716', '300717', '300721', '300727', '300731', '300758', '300767', '300769', '300784', '300796', '300798', '300801', '300804', '300806', '300821', '300834', '300847', '300848', '300849', '300886', '300891', '300905', '300910', '300920', '300927', '300980', '300995', '301003', '301019', '301035', '301036', '301037', '301059', '301069', '301076', '301077', '301090', '301092', '301100', '301118', '301131', '301149', '301190', '301198', '301209', '301212', '301216', '301220', '301237', '301238', '301256', '301286', '301292', '301300', '301323', '301349', '301373', '301393', '301395', '301487', '301518', '301538', '301555', '301565', '301585', '301591', '301595', '301617', '301618', '301630', '301665', '600075', '600078', '600096', '600135', '600141', '600143', '600160', '600165', '600227', '600230', '600273', '600309', '600319', '600328', '600331', '600352', '600367', '600370', '600378', '600389', '600423', '600426', '600458', '600470', '600486', '600500', '600596', '600599', '600610', '600618', '600623', '600691', '600714', '600722', '600727', '600731', '600746', '600800', '600844', '600935', '600955', '600989', '601065', '601118', '601208', '601216', '601568', '601678', '603002', '603004', '603010', '603026', '603033', '603041', '603051', '603062', '603065', '603067', '603077', '603086', '603110', '603113', '603120', '603125', '603150', '603155', '603172', '603181', '603188', '603192', '603212', '603213', '603217', '603227', '603255', '603260', '603276', '603281', '603285', '603310', '603330', '603360', '603378', '603379', '603395', '603505', '603580', '603585', '603599', '603639', '603650', '603659', '603681', '603683', '603722', '603725', '603737', '603790', '603806', '603810', '603822', '603823', '603826', '603856', '603867', '603879', '603916', '603928', '603931', '603938', '603948', '603968', '603970', '603977', '603980', '603991', '605008', '605020', '605033', '605183', '605366', '605399', '605488', '605566', '605589', '688065', '688093', '688106', '688116', '688129', '688133', '688157', '688199', '688203', '688219', '688267', '688268', '688269', '688323', '688350', '688353', '688357', '688359', '688386', '688548', '688550', '688571', '688585', '688602', '688603', '688625', '688669', '688680', '688690', '688708', '688716', '688718', '688758', '920015', '920033', '920056', '920066', '920089', '920098', '920118', '920163', '920175', '920185', '920204', '920225', '920247', '920261', '920304', '920402', '920469', '920471', '920489', '920519', '920526', '920527', '920665', '920694', '920719', '920819', '920832', '920834', '920866', '920871', '920957', '920971', '920974']"
化工原料,880336,T020401,T0204,254,"['000510', '000545', '000635', '000683', '000691', '000695', '000707', '000818', '000822', '000830', '000881', '000985', '000990', '001207', '001217', '001218', '001333', '001335', '001358', '002037', '002068', '002092', '002096', '002109', '002125', '002136', '002145', '002165', '002226', '002246', '002250', '002312', '002326', '002360', '002361', '002386', '002407', '002408', '002442', '002453', '002455', '002469', '002476', '002584', '002601', '002643', '002648', '002666', '002669', '002683', '002709', '002741', '002748', '002753', '002783', '002802', '002809', '002810', '002825', '002827', '002895', '002909', '002915', '002917', '002971', '002986', '003002', '003017', '003022', '300019', '300037', '300041', '300054', '300072', '300082', '300107', '300109', '300121', '300132', '300174', '300200', '300214', '300243', '300343', '300398', '300405', '300429', '300437', '300481', '300487', '300535', '300568', '300586', '300596', '300610', '300637', '300641', '300647', '300721', '300727', '300769', '300801', '300821', '300834', '300847', '300848', '300886', '300891', '300910', '300927', '301059', '301069', '301076', '301077', '301090', '301092', '301100', '301118', '301149', '301212', '301216', '301220', '301238', '301256', '301286', '301292', '301300', '301349', '301373', '301393', '301395', '301487', '301518', '301555', '301617', '301630', '600075', '600078', '600160', '600165', '600230', '600273', '600309', '600319', '600328', '600367', '600370', '600378', '600596', '600599', '600610', '600618', '600623', '600714', '600722', '600727', '600746', '600800', '600844', '600935', '600955', '600989', '601065', '601208', '601216', '601568', '601678', '603002', '603004', '603010', '603026', '603041', '603065', '603067', '603077', '603113', '603120', '603125', '603155', '603181', '603192', '603213', '603217', '603227', '603255', '603260', '603276', '603281', '603285', '603310', '603379', '603505', '603650', '603659', '603681', '603683', '603722', '603822', '603867', '603879', '603916', '603928', '603931', '603938', '603948', '603968', '603977', '605020', '605183', '605366', '605399', '605589', '688065', '688093', '688106', '688116', '688133', '688199', '688267', '688268', '688269', '688350', '688353', '688357', '688359', '688386', '688548', '688550', '688585', '688602', '688603', '688625', '688669', '688690', '688708', '688716', '688758', '920015', '920033', '920175', '920185', '920261', '920304', '920402', '920471', '920489', '920519', '920526', '920527', '920719', '920832', '920957', '920971', '920974']"
农药化肥,880337,T020402,T0204,57,"['000408', '000422', '000525', '000553', '000731', '000792', '000893', '000902', '000912', '001231', '002004', '002170', '002215', '002258', '002274', '002391', '002470', '002496', '002538', '002539', '002545', '002556', '002588', '002734', '002749', '002942', '003042', '300261', '300387', '300505', '300575', '300796', '300804', '301035', '301665', '600096', '600141', '600227', '600331', '600389', '600423', '600426', '600470', '600486', '600691', '600731', '603086', '603360', '603395', '603585', '603599', '603639', '603810', '603970', '605033', '920819', '920866']"
塑料,880338,T020404,T0204,79,"['000859', '000920', '000973', '001356', '001378', '002014', '002108', '002263', '002324', '002395', '002457', '002522', '002585', '002632', '002641', '002694', '002735', '002768', '002838', '002886', '003018', '300169', '300198', '300218', '300221', '300230', '300305', '300321', '300393', '300478', '300538', '300539', '300599', '300644', '300716', '300717', '300784', '300806', '300849', '300920', '300980', '300995', '301003', '301019', '301131', '301198', '301237', '301538', '301565', '301591', '600135', '600143', '600458', '600500', '603051', '603150', '603212', '603330', '603580', '603725', '603806', '603856', '603991', '605488', '688203', '688219', '688323', '688680', '688718', '920056', '920066', '920089', '920118', '920163', '920204', '920469', '920694', '920834', '920871']"
橡胶,880339,T020405,T0204,16,"['002211', '002224', '002381', '300320', '300587', '300731', '300767', '301323', '301595', '601118', '603033', '605008', '920098', '920225', '920247', '920665']"
染料涂料,880340,T020406,T0204,34,"['000565', '002054', '002319', '002440', '300067', '300225', '300522', '300537', '300576', '300665', '300758', '300798', '300905', '301036', '301037', '301190', '301209', '301585', '301618', '600352', '603062', '603110', '603172', '603188', '603378', '603737', '603790', '603823', '603826', '603980', '605566', '688129', '688157', '688571']"
建材,880344,T0206,T0206,75,"['000012', '000055', '000401', '000619', '000672', '000786', '000789', '000877', '000935', '001212', '001296', '002043', '002066', '002080', '002162', '002201', '002205', '002225', '002233', '002247', '002271', '002302', '002333', '002372', '002377', '002392', '002398', '002596', '002623', '002652', '002671', '002718', '002742', '002785', '002791', '002918', '003012', '003037', '300196', '300234', '300285', '300374', '300395', '300715', '300737', '301010', '301188', '301429', '301526', '600176', '600293', '600326', '600425', '600449', '600585', '600586', '600668', '600678', '600801', '600802', '600819', '600876', '601636', '601865', '601992', '603256', '603601', '603616', '603969', '605006', '605122', '605318', '688119', '920580', '920792']"
陶瓷,880345,T020601,T0206,5,"['002162', '002918', '003012', '300234', '300285']"
水泥,880346,T020602,T0206,23,"['000401', '000672', '000789', '000877', '000935', '002205', '002233', '002302', '002596', '002671', '002742', '003037', '600326', '600425', '600449', '600585', '600668', '600678', '600801', '600802', '601992', '603616', '605122']"
玻璃,880347,T020603,T0206,18,"['000012', '002080', '002201', '002623', '300196', '300395', '301188', '301526', '600176', '600293', '600586', '600819', '600876', '601636', '601865', '603256', '603601', '605006']"
其他建材,880348,T020604,T0206,29,"['000055', '000619', '000786', '001212', '001296', '002043', '002066', '002225', '002247', '002271', '002333', '002372', '002377', '002392', '002398', '002652', '002718', '002785', '002791', '300374', '300715', '300737', '301010', '301429', '603969', '605318', '688119', '920580', '920792']"
造纸,880350,T0207,T0207,33,"['000488', '001206', '002012', '002067', '002078', '002235', '002303', '002511', '002521', '002565', '003006', '300883', '301009', '301469', '301501', '600103', '600235', '600308', '600356', '600433', '600567', '600793', '600963', '600966', '603165', '603607', '603733', '603863', '605007', '605009', '605377', '605500', '920394']"
矿物制品,880351,T0208,T0208,36,"['000795', '000970', '001269', '001359', '002057', '002088', '300127', '300179', '300224', '300554', '300700', '300728', '300748', '300811', '300835', '300861', '301071', '301141', '301622', '600172', '600366', '600516', '603072', '603612', '603688', '605086', '688077', '688190', '688300', '688398', '688598', '688733', '920179', '920641', '920675', '920725']"
日用化工,880355,T0301,T0301,20,"['001328', '002094', '002637', '300740', '300856', '300955', '300957', '301108', '301283', '301371', '600223', '600249', '600315', '603059', '603193', '603605', '603630', '603983', '920016', '920123']"
农林牧渔,880360,T0302,T0302,96,"['000019', '000048', '000061', '000592', '000638', '000663', '000702', '000713', '000735', '000798', '000876', '000930', '000998', '001201', '001313', '001366', '002041', '002069', '002086', '002100', '002124', '002141', '002157', '002234', '002299', '002311', '002321', '002385', '002458', '002548', '002567', '002679', '002688', '002696', '002714', '002746', '002772', '002868', '002891', '002982', '300087', '300094', '300119', '300189', '300268', '300313', '300498', '300511', '300673', '300761', '300871', '300967', '300970', '301156', '301498', '600097', '600108', '600127', '600195', '600201', '600251', '600257', '600265', '600299', '600313', '600354', '600359', '600371', '600467', '600540', '600598', '600866', '600883', '600965', '600975', '601952', '603151', '603336', '603363', '603477', '603566', '603609', '603668', '603717', '603718', '603739', '605296', '688098', '688156', '688526', '920087', '920275', '920403', '920419', '920729', '920970']"
种植业,880361,T030201,T0302,19,"['000713', '000998', '002041', '002772', '300087', '300189', '300511', '300970', '600108', '600313', '600354', '600359', '600371', '600540', '600598', '600883', '601952', '920087', '920403']"
渔业,880362,T030202,T0302,7,"['000798', '002069', '002086', '300094', '600097', '600257', '600467']"
林业,880363,T030203,T0302,4,"['000592', '000663', '002679', '600265']"
饲料,880364,T030204,T0302,23,"['000702', '000876', '001313', '001366', '002100', '002311', '002385', '002548', '002567', '002696', '002891', '300673', '301156', '301498', '600299', '600866', '603151', '603363', '603609', '603668', '688156', '920419', '920970']"
农业综合,880366,T030206,T0302,43,"['000019', '000048', '000061', '000638', '000735', '000930', '001201', '002124', '002141', '002157', '002234', '002299', '002321', '002458', '002688', '002714', '002746', '002868', '002982', '300119', '300268', '300313', '300498', '300761', '300871', '300967', '600127', '600195', '600201', '600251', '600965', '600975', '603336', '603477', '603566', '603717', '603718', '603739', '605296', '688098', '688526', '920275', '920729']"
纺织服饰,880367,T0303,T0303,107,"['000017', '000026', '000726', '000850', '000955', '001209', '001234', '001390', '002003', '002029', '002042', '002083', '002098', '002144', '002154', '002193', '002269', '002293', '002327', '002345', '002394', '002397', '002404', '002486', '002494', '002563', '002569', '002574', '002612', '002634', '002656', '002674', '002687', '002721', '002731', '002762', '002763', '002780', '002832', '002867', '002875', '003016', '003041', '300005', '300577', '300591', '300658', '300819', '300840', '300877', '300901', '300918', '300945', '300952', '300979', '301066', '301088', '301177', '301276', '600107', '600137', '600156', '600177', '600398', '600400', '600439', '600448', '600493', '600612', '600630', '600735', '600916', '600987', '601339', '601566', '601599', '601718', '603001', '603055', '603073', '603116', '603130', '603196', '603238', '603365', '603511', '603518', '603557', '603558', '603587', '603608', '603665', '603808', '603839', '603877', '603889', '603900', '603908', '603958', '605003', '605055', '605138', '605180', '605189', '605599', '920262', '920753']"
纺织,880368,T030301,T0303,42,"['000726', '000850', '000955', '001390', '002042', '002083', '002144', '002193', '002293', '002327', '002394', '002397', '002404', '002674', '003041', '300577', '300658', '300819', '300877', '300918', '300952', '301066', '600156', '600448', '600493', '600987', '601339', '601599', '603055', '603073', '603130', '603238', '603365', '603558', '603889', '603908', '605003', '605055', '605180', '605189', '920262', '920753']"
服饰,880369,T030302,T0303,65,"['000017', '000026', '001209', '001234', '002003', '002029', '002098', '002154', '002269', '002345', '002486', '002494', '002563', '002569', '002574', '002612', '002634', '002656', '002687', '002721', '002731', '002762', '002763', '002780', '002832', '002867', '002875', '003016', '300005', '300591', '300840', '300901', '300945', '300979', '301088', '301177', '301276', '600107', '600137', '600177', '600398', '600400', '600439', '600612', '600630', '600735', '600916', '601566', '601718', '603001', '603116', '603196', '603511', '603518', '603557', '603587', '603608', '603665', '603808', '603839', '603877', '603900', '603958', '605138', '605599']"
食品饮料,880372,T0304,T0304,123,"['000505', '000523', '000529', '000639', '000716', '000848', '000895', '000911', '000972', '001215', '001219', '001318', '002216', '002286', '002329', '002330', '002481', '002495', '002507', '002515', '002557', '002570', '002582', '002597', '002650', '002661', '002695', '002702', '002719', '002726', '002732', '002820', '002840', '002847', '002852', '002910', '002946', '002956', '002991', '003000', '003030', '300106', '300138', '300146', '300175', '300741', '300765', '300783', '300829', '300858', '300892', '300898', '300908', '300915', '300972', '300973', '300997', '300999', '301116', '301206', '600073', '600186', '600189', '600191', '600298', '600300', '600305', '600419', '600429', '600597', '600737', '600872', '600873', '600882', '600887', '600929', '600962', '603020', '603027', '603043', '603057', '603079', '603156', '603170', '603182', '603231', '603237', '603262', '603288', '603299', '603317', '603345', '603517', '603536', '603696', '603697', '603711', '603719', '603755', '603777', '603866', '603886', '605016', '605077', '605089', '605179', '605198', '605300', '605337', '605338', '605339', '605388', '605499', '605567', '688089', '920023', '920273', '920371', '920422', '920429', '920726', '920786', '920826']"
乳制品,880373,T030401,T0304,21,"['001318', '002329', '002570', '002719', '002732', '002910', '002946', '300106', '300892', '300898', '300915', '600419', '600429', '600597', '600882', '600887', '605179', '605300', '605337', '605388', '920786']"
软饮料,880374,T030402,T0304,9,"['000848', '300997', '600189', '600300', '600962', '603156', '603711', '605198', '605499']"
食品,880375,T030403,T0304,93,"['000505', '000523', '000529', '000639', '000716', '000895', '000911', '000972', '001215', '001219', '002216', '002286', '002330', '002481', '002495', '002507', '002515', '002557', '002582', '002597', '002650', '002661', '002695', '002702', '002726', '002820', '002840', '002847', '002852', '002956', '002991', '003000', '003030', '300138', '300146', '300175', '300741', '300765', '300783', '300829', '300858', '300908', '300972', '300973', '300999', '301116', '301206', '600073', '600186', '600191', '600298', '600305', '600737', '600872', '600873', '600929', '603020', '603027', '603043', '603057', '603079', '603170', '603182', '603231', '603237', '603262', '603288', '603299', '603317', '603345', '603517', '603536', '603696', '603697', '603719', '603755', '603777', '603866', '603886', '605016', '605077', '605089', '605338', '605339', '605567', '688089', '920023', '920273', '920371', '920422', '920429', '920726', '920826']"
酿酒,880380,T0305,T0305,37,"['000568', '000596', '000729', '000752', '000799', '000858', '000860', '000869', '000929', '000995', '001338', '002304', '002461', '002568', '002646', '600059', '600084', '600132', '600197', '600199', '600238', '600519', '600543', '600559', '600573', '600600', '600616', '600696', '600702', '600779', '600809', '601579', '603198', '603369', '603589', '603779', '603919']"
白酒,880381,T030501,T0305,20,"['000568', '000596', '000799', '000858', '000860', '000995', '002304', '002646', '600197', '600199', '600519', '600559', '600696', '600702', '600779', '600809', '603198', '603369', '603589', '603919']"
啤酒,880382,T030502,T0305,8,"['000729', '000752', '000929', '001338', '002461', '600132', '600573', '600600']"
红黄酒,880383,T030503,T0305,9,"['000869', '002568', '600059', '600084', '600238', '600543', '600616', '601579', '603779']"
家用电器,880387,T0401,T0401,91,"['000016', '000333', '000404', '000521', '000541', '000651', '000801', '000810', '000921', '001259', '001387', '002005', '002011', '002032', '002035', '002050', '002052', '002076', '002242', '002290', '002403', '002418', '002420', '002429', '002508', '002543', '002614', '002638', '002668', '002676', '002677', '002705', '002723', '002848', '002860', '002959', '003023', '300160', '300217', '300272', '300342', '300403', '300625', '300808', '300824', '300894', '300911', '301008', '301187', '301332', '301525', '600060', '600261', '600336', '600619', '600690', '600839', '600854', '600983', '601956', '603075', '603195', '603215', '603219', '603303', '603311', '603355', '603366', '603486', '603515', '603519', '603578', '603579', '603657', '603677', '603726', '603868', '605336', '605365', '605555', '688169', '688609', '688696', '688793', '920108', '920199', '920339', '920699', '920718', '920768', '920926']"
汽车类,880390,T0402,T0402,295,"['000030', '000338', '000550', '000559', '000572', '000581', '000589', '000599', '000625', '000678', '000700', '000757', '000800', '000868', '000887', '000901', '000903', '000913', '000951', '000957', '000980', '000981', '001260', '001278', '001282', '001285', '001311', '001319', '001380', '001696', '002031', '002048', '002085', '002101', '002105', '002126', '002190', '002239', '002283', '002284', '002328', '002355', '002363', '002406', '002434', '002448', '002454', '002472', '002488', '002510', '002516', '002536', '002537', '002547', '002553', '002590', '002592', '002594', '002662', '002664', '002703', '002708', '002715', '002725', '002766', '002806', '002813', '002863', '002870', '002906', '002920', '002921', '002965', '002976', '002984', '003033', '300100', '300176', '300237', '300258', '300304', '300375', '300428', '300432', '300446', '300473', '300507', '300547', '300580', '300585', '300611', '300643', '300652', '300680', '300681', '300694', '300695', '300707', '300733', '300745', '300816', '300825', '300863', '300893', '300912', '300926', '300928', '300969', '300978', '300985', '301000', '301005', '301007', '301020', '301039', '301072', '301119', '301133', '301170', '301173', '301181', '301192', '301215', '301225', '301229', '301233', '301298', '301310', '301322', '301345', '301397', '301398', '301459', '301488', '301499', '301529', '301535', '301539', '301550', '301552', '301560', '301607', '301613', '301656', '600006', '600066', '600081', '600099', '600104', '600148', '600151', '600166', '600178', '600182', '600218', '600303', '600335', '600375', '600386', '600418', '600469', '600480', '600523', '600609', '600626', '600653', '600660', '600676', '600686', '600698', '600699', '600733', '600741', '600742', '600822', '600841', '600933', '600960', '601058', '601127', '601163', '601238', '601279', '601500', '601633', '601689', '601777', '601799', '601965', '601966', '603006', '603009', '603013', '603023', '603035', '603037', '603040', '603048', '603049', '603085', '603089', '603107', '603119', '603121', '603129', '603158', '603161', '603166', '603178', '603179', '603190', '603197', '603201', '603202', '603210', '603211', '603239', '603266', '603286', '603305', '603306', '603319', '603335', '603348', '603358', '603377', '603390', '603409', '603418', '603529', '603586', '603596', '603633', '603655', '603701', '603730', '603758', '603766', '603767', '603768', '603786', '603787', '603788', '603809', '603917', '603922', '603926', '603949', '603950', '603960', '603982', '603997', '605005', '605018', '605068', '605088', '605128', '605133', '605151', '605228', '605255', '605319', '605333', '688021', '688280', '688326', '688339', '688533', '688612', '688667', '688737', '689009', '920000', '920022', '920030', '920058', '920106', '920146', '920195', '920221', '920242', '920270', '920271', '920378', '920418', '920436', '920454', '920533', '920663', '920690', '920833', '920837', '920896', '920906', '920978']"
汽车整车,880391,T040201,T0402,22,"['000550', '000572', '000625', '000800', '000868', '000951', '000957', '002594', '301039', '600006', '600066', '600099', '600104', '600166', '600303', '600375', '600418', '600686', '600733', '601127', '601238', '601633']"
汽车配件,880392,T040202,T0402,251,"['000030', '000338', '000559', '000581', '000589', '000599', '000678', '000700', '000887', '000901', '000903', '000980', '000981', '001260', '001278', '001282', '001285', '001311', '001319', '001380', '002031', '002048', '002085', '002101', '002126', '002190', '002239', '002283', '002284', '002328', '002355', '002363', '002406', '002434', '002448', '002454', '002472', '002488', '002510', '002516', '002536', '002537', '002547', '002553', '002590', '002592', '002662', '002664', '002703', '002708', '002715', '002725', '002766', '002806', '002813', '002863', '002870', '002906', '002920', '002921', '002965', '002976', '002984', '003033', '300100', '300176', '300237', '300258', '300304', '300375', '300428', '300432', '300446', '300473', '300507', '300547', '300580', '300585', '300611', '300643', '300652', '300680', '300681', '300694', '300695', '300707', '300733', '300745', '300816', '300863', '300893', '300912', '300926', '300928', '300969', '300978', '300985', '301000', '301005', '301007', '301020', '301072', '301119', '301133', '301170', '301173', '301181', '301192', '301225', '301229', '301233', '301298', '301310', '301397', '301398', '301459', '301488', '301499', '301529', '301535', '301539', '301550', '301552', '301560', '301607', '301613', '301656', '600081', '600148', '600151', '600178', '600182', '600218', '600469', '600480', '600523', '600609', '600626', '600660', '600676', '600698', '600699', '600741', '600742', '600841', '600933', '600960', '601058', '601163', '601279', '601500', '601689', '601799', '601966', '603006', '603009', '603013', '603023', '603035', '603037', '603040', '603048', '603049', '603085', '603089', '603107', '603119', '603121', '603158', '603161', '603166', '603178', '603179', '603190', '603197', '603201', '603202', '603210', '603211', '603239', '603266', '603286', '603305', '603306', '603319', '603335', '603348', '603358', '603390', '603409', '603418', '603586', '603596', '603633', '603655', '603701', '603730', '603758', '603767', '603768', '603786', '603788', '603809', '603917', '603922', '603926', '603949', '603950', '603960', '603982', '603997', '605005', '605018', '605068', '605088', '605128', '605133', '605151', '605228', '605255', '605319', '605333', '688021', '688280', '688326', '688339', '688533', '688612', '688667', '688737', '920000', '920022', '920106', '920146', '920195', '920221', '920242', '920270', '920271', '920378', '920418', '920436', '920454', '920533', '920663', '920690', '920833', '920837', '920896', '920906', '920978']"
汽车服务,880393,T040203,T0402,10,"['000757', '300825', '301215', '600335', '600386', '600653', '600822', '601965', '603377', '920030']"
摩托车,880394,T040204,T0402,12,"['000913', '001696', '002105', '301322', '301345', '601777', '603129', '603529', '603766', '603787', '689009', '920058']"
医疗保健,880398,T0403,T0403,175,"['000504', '000516', '000615', '000710', '002022', '002030', '002044', '002172', '002173', '002219', '002223', '002382', '002432', '002524', '002551', '002622', '002626', '002901', '002932', '002950', '300003', '300015', '300030', '300049', '300143', '300171', '300206', '300238', '300244', '300246', '300247', '300289', '300298', '300314', '300318', '300326', '300347', '300358', '300396', '300404', '300406', '300412', '300439', '300453', '300463', '300482', '300529', '300562', '300595', '300633', '300639', '300642', '300653', '300676', '300677', '300685', '300753', '300760', '300791', '300813', '300832', '300869', '300888', '300896', '300942', '300962', '300981', '301033', '301060', '301087', '301093', '301096', '301097', '301103', '301122', '301234', '301235', '301239', '301257', '301267', '301290', '301293', '301333', '301363', '301367', '301515', '301580', '301602', '600055', '600327', '600381', '600529', '600530', '600568', '600587', '600645', '600763', '600807', '603014', '603102', '603127', '603205', '603222', '603301', '603309', '603387', '603456', '603658', '603880', '603882', '603976', '603987', '605369', '688013', '688016', '688026', '688029', '688050', '688067', '688068', '688075', '688085', '688108', '688114', '688139', '688151', '688161', '688193', '688198', '688202', '688212', '688217', '688236', '688238', '688253', '688265', '688271', '688273', '688277', '688289', '688298', '688301', '688310', '688314', '688315', '688317', '688338', '688351', '688358', '688363', '688366', '688389', '688393', '688399', '688410', '688468', '688575', '688576', '688580', '688581', '688606', '688607', '688613', '688617', '688621', '688626', '688656', '688677', '688767', '920278', '920300', '920504', '920925', '920982', '920992']"
家居用品,880399,T0404,T0404,71,"['000910', '001211', '001216', '001221', '001238', '001322', '001323', '001386', '002084', '002489', '002571', '002572', '002615', '002631', '002790', '002798', '002853', '003011', '300163', '300616', '300640', '300729', '300749', '300993', '301004', '301055', '301061', '301113', '301193', '301227', '301336', '301356', '301376', '301575', '301588', '600337', '601996', '603008', '603021', '603038', '603091', '603180', '603208', '603216', '603221', '603226', '603272', '603313', '603326', '603385', '603389', '603408', '603551', '603600', '603610', '603615', '603661', '603709', '603801', '603816', '603818', '603833', '603838', '603848', '603898', '603992', '605155', '605268', '920132', '920445', '920765']"
医药,880400,T0405,T0405,298,"['000153', '000403', '000423', '000513', '000518', '000534', '000538', '000566', '000590', '000597', '000623', '000650', '000661', '000739', '000756', '000766', '000788', '000790', '000813', '000908', '000915', '000919', '000931', '000952', '000953', '000963', '000989', '000999', '001367', '002001', '002007', '002019', '002020', '002038', '002082', '002099', '002102', '002107', '002166', '002198', '002252', '002262', '002275', '002287', '002294', '002317', '002332', '002349', '002365', '002370', '002393', '002399', '002412', '002422', '002424', '002437', '002550', '002562', '002566', '002581', '002603', '002644', '002653', '002675', '002693', '002728', '002737', '002755', '002773', '002793', '002817', '002821', '002826', '002864', '002873', '002880', '002898', '002900', '002907', '002923', '002940', '003020', '300006', '300009', '300016', '300026', '300039', '300086', '300110', '300111', '300122', '300142', '300147', '300149', '300158', '300181', '300194', '300199', '300204', '300233', '300239', '300254', '300255', '300267', '300294', '300357', '300363', '300381', '300391', '300401', '300434', '300436', '300452', '300485', '300497', '300519', '300534', '300558', '300573', '300583', '300584', '300601', '300636', '300683', '300702', '300705', '300723', '300725', '300759', '300841', '300878', '300966', '301047', '301065', '301075', '301080', '301089', '301111', '301130', '301201', '301207', '301211', '301230', '301246', '301258', '301277', '301281', '301301', '301331', '301507', '301509', '301520', '600062', '600079', '600080', '600085', '600129', '600161', '600196', '600200', '600211', '600216', '600222', '600252', '600267', '600276', '600285', '600329', '600332', '600351', '600380', '600420', '600422', '600436', '600479', '600488', '600513', '600518', '600521', '600535', '600557', '600566', '600572', '600594', '600613', '600624', '600664', '600671', '600682', '600721', '600739', '600750', '600771', '600774', '600789', '600812', '600851', '600867', '600976', '600993', '601089', '601206', '603087', '603139', '603168', '603207', '603229', '603235', '603259', '603351', '603367', '603392', '603439', '603520', '603538', '603567', '603590', '603669', '603676', '603707', '603811', '603858', '603896', '603998', '605116', '605177', '605199', '605507', '688046', '688062', '688073', '688076', '688091', '688105', '688117', '688131', '688136', '688137', '688163', '688166', '688176', '688177', '688179', '688180', '688185', '688189', '688192', '688197', '688221', '688222', '688235', '688247', '688266', '688276', '688278', '688293', '688302', '688319', '688321', '688331', '688336', '688356', '688373', '688382', '688426', '688428', '688443', '688488', '688505', '688506', '688513', '688520', '688553', '688566', '688578', '688639', '688658', '688670', '688687', '688710', '688739', '688759', '688765', '688799', '920017', '920047', '920230', '920266', '920344', '920367', '920433', '920478', '920547', '920566', '920575', '920656', '920735', '920946']"
化学制药,880401,T040501,T0405,149,"['000153', '000513', '000566', '000597', '000739', '000756', '000766', '000788', '000813', '000908', '000915', '000919', '000931', '000952', '000953', '000963', '001367', '002001', '002019', '002020', '002099', '002102', '002262', '002294', '002332', '002365', '002370', '002393', '002399', '002422', '002437', '002562', '002653', '002675', '002755', '002773', '002793', '002817', '002826', '002898', '002900', '002923', '002940', '003020', '300006', '300016', '300086', '300110', '300111', '300158', '300194', '300199', '300233', '300254', '300267', '300363', '300381', '300401', '300434', '300436', '300452', '300497', '300558', '300573', '300583', '300584', '300636', '300702', '300705', '300723', '300725', '300759', '300966', '301065', '301075', '301089', '301130', '301211', '301246', '301258', '301277', '301281', '301301', '301507', '301509', '600062', '600079', '600196', '600200', '600216', '600267', '600276', '600380', '600420', '600488', '600513', '600521', '600624', '600664', '600774', '600789', '600812', '600851', '601089', '603168', '603207', '603229', '603235', '603259', '603351', '603367', '603520', '603538', '603669', '603676', '603811', '605116', '605177', '605507', '688073', '688091', '688131', '688166', '688176', '688179', '688189', '688197', '688222', '688247', '688321', '688356', '688373', '688505', '688506', '688513', '688553', '688566', '688578', '688639', '688658', '688799', '920017', '920367', '920478', '920547', '920566', '920656', '920735', '920946']"
生物制药,880402,T040502,T0405,80,"['000403', '000518', '000534', '000661', '002007', '002038', '002252', '002550', '002581', '002693', '002821', '002880', '300009', '300122', '300142', '300149', '300204', '300239', '300255', '300294', '300357', '300485', '300601', '300683', '300841', '301047', '301080', '301201', '301207', '301230', '301520', '600161', '600211', '600682', '600721', '600739', '600867', '601206', '603087', '603392', '603590', '603707', '688046', '688062', '688076', '688105', '688117', '688136', '688137', '688163', '688177', '688180', '688185', '688192', '688221', '688235', '688266', '688276', '688278', '688293', '688302', '688319', '688331', '688336', '688382', '688426', '688428', '688443', '688488', '688520', '688670', '688687', '688710', '688739', '688759', '688765', '920047', '920230', '920344', '920575']"
中成药,880403,T040503,T0405,69,"['000423', '000538', '000590', '000623', '000650', '000790', '000989', '000999', '002082', '002107', '002166', '002198', '002275', '002287', '002317', '002349', '002412', '002424', '002566', '002603', '002644', '002728', '002737', '002864', '002873', '002907', '300026', '300039', '300147', '300181', '300391', '300519', '300534', '300878', '301111', '301331', '600080', '600085', '600129', '600222', '600252', '600285', '600329', '600332', '600351', '600422', '600436', '600479', '600518', '600535', '600557', '600566', '600572', '600594', '600613', '600671', '600750', '600771', '600976', '600993', '603139', '603439', '603567', '603858', '603896', '603998', '605199', '920266', '920433']"
商业连锁,880406,T0501,T0501,103,"['000007', '000028', '000056', '000058', '000078', '000411', '000417', '000419', '000501', '000564', '000652', '000679', '000705', '000715', '000759', '000785', '000829', '000882', '000950', '001316', '002024', '002177', '002187', '002251', '002277', '002344', '002356', '002390', '002416', '002419', '002462', '002561', '002589', '002697', '002727', '002758', '002788', '002818', '002872', '002999', '300622', '300755', '300937', '301015', '301017', '301078', '301126', '301166', '301263', '301370', '301408', '301584', '600056', '600272', '600280', '600415', '600511', '600538', '600628', '600655', '600693', '600694', '600697', '600712', '600713', '600729', '600738', '600778', '600785', '600790', '600814', '600824', '600827', '600828', '600829', '600833', '600838', '600857', '600858', '600859', '600865', '600998', '601010', '601086', '601116', '601366', '601607', '601828', '601933', '603071', '603101', '603108', '603122', '603214', '603233', '603368', '603708', '603716', '603883', '603939', '605136', '605188', '605266']"
百货,880407,T050101,T0501,35,"['000417', '000419', '000501', '000564', '000679', '000715', '000785', '002187', '002277', '002419', '002561', '600280', '600628', '600655', '600693', '600694', '600697', '600712', '600729', '600738', '600778', '600785', '600814', '600824', '600828', '600838', '600857', '600858', '600859', '600865', '601010', '601086', '601366', '603101', '603214']"
超市连锁,880408,T050102,T0501,8,"['000759', '002251', '002697', '600827', '601116', '601933', '603708', '605188']"
电器连锁,880409,T050103,T0501,2,"['002024', '002416']"
医药商业,880410,T050104,T0501,37,"['000028', '000078', '000411', '000705', '000950', '002390', '002462', '002589', '002727', '002788', '002872', '300937', '301015', '301017', '301126', '301166', '301263', '301370', '301408', '301584', '600056', '600272', '600511', '600538', '600713', '600829', '600833', '600998', '601607', '603108', '603122', '603233', '603368', '603716', '603883', '603939', '605266']"
其他商业,880411,T050105,T0501,12,"['000007', '000056', '000829', '000882', '002177', '002356', '002818', '300622', '300755', '301078', '601828', '605136']"
商品城,880412,T050106,T0501,4,"['000058', '002344', '600415', '600790']"
批发业,880413,T050107,T0501,5,"['000652', '001316', '002758', '002999', '603071']"
商贸代理,880414,T0502,T0502,17,"['000151', '000626', '000701', '002072', '002091', '002485', '600058', '600128', '600250', '600278', '600287', '600608', '600710', '600725', '600753', '600981', '601061']"
传媒娱乐,880418,T0601,T0601,64,"['000156', '000665', '000719', '000793', '000802', '000892', '001330', '002181', '002238', '002292', '002343', '002739', '002905', '300027', '300133', '300148', '300182', '300251', '300291', '300364', '300413', '300426', '300528', '300654', '300770', '300788', '301025', '301052', '301231', '301262', '301551', '600037', '600088', '600229', '600373', '600551', '600637', '600640', '600715', '600757', '600825', '600831', '600959', '600977', '600996', '601019', '601098', '601595', '601801', '601811', '601858', '601900', '601921', '601928', '601929', '601949', '601999', '603096', '603103', '603230', '603721', '603999', '605577', '920021']"
出版业,880419,T060101,T0601,29,"['000719', '000793', '002181', '300148', '300364', '300654', '300788', '301025', '301052', '301231', '600229', '600373', '600551', '600757', '600825', '601019', '601098', '601801', '601811', '601858', '601900', '601921', '601928', '601949', '601999', '603096', '603230', '603999', '605577']"
影视音像,880420,T060102,T0601,35,"['000156', '000665', '000802', '000892', '001330', '002238', '002292', '002343', '002739', '002905', '300027', '300133', '300182', '300251', '300291', '300413', '300426', '300528', '300770', '301262', '301551', '600037', '600088', '600637', '600640', '600715', '600831', '600959', '600977', '600996', '601595', '601929', '603103', '603721', '920021']"
广告包装,880421,T0602,T0602,54,"['000607', '000659', '000812', '000917', '001279', '002027', '002117', '002191', '002228', '002229', '002243', '002291', '002374', '002400', '002599', '002701', '002712', '002752', '002787', '002799', '002831', '002836', '002846', '002878', '002951', '002969', '003003', '300058', '300071', '300280', '300501', '300612', '300781', '300805', '301062', '301102', '301223', '301296', '301355', '600076', '600210', '600358', '600880', '601515', '601968', '603022', '603058', '603429', '603499', '603687', '603729', '920075', '920274', '920392']"
文教休闲,880422,T0603,T0603,52,"['000526', '001222', '001300', '001368', '002093', '002103', '002301', '002348', '002575', '002607', '002659', '002678', '002858', '002862', '002899', '003032', '300081', '300192', '300329', '300338', '300359', '300492', '300651', '300662', '300688', '300703', '300795', '300860', '300994', '301011', '301101', '301169', '301287', '301313', '301335', '600158', '600455', '600636', '600661', '600662', '600679', '600730', '600818', '600826', '600861', '603307', '603466', '603899', '605080', '605098', '605099', '605299']"
酒店餐饮,880423,T0604,T0604,9,"['000428', '000721', '002186', '002306', '301073', '600258', '600754', '601007', '605108']"
旅游,880424,T0605,T0605,24,"['000430', '000524', '000558', '000610', '000796', '000888', '000978', '002033', '002059', '002159', '002627', '002707', '300144', '300859', '600054', '600138', '600576', '600593', '600706', '600749', '601888', '603099', '603136', '603199']"
旅游服务,880425,T060501,T0605,7,"['000524', '000610', '000796', '002159', '002707', '300859', '601888']"
旅游景点,880426,T060502,T0605,17,"['000430', '000558', '000888', '000978', '002033', '002059', '002627', '300144', '600054', '600138', '600576', '600593', '600706', '600749', '603099', '603136', '603199']"
航空,880430,T0701,T0701,52,"['000697', '000738', '000768', '002023', '002111', '002297', '002389', '002625', '002651', '002829', '002933', '002935', '002985', '003009', '300034', '300424', '300581', '300696', '300719', '300722', '300775', '300900', '300965', '301050', '301306', '301586', '600038', '600118', '600316', '600372', '600391', '600760', '600765', '600862', '600879', '600893', '603261', '605123', '688070', '688231', '688237', '688239', '688281', '688287', '688297', '688510', '688523', '688563', '688586', '688685', '920006', '920642']"
船舶,880431,T0702,T0702,11,"['300008', '300065', '300589', '300600', '300810', '600150', '600482', '600685', '600764', '601890', '603268']"
运输设备,880432,T0703,T0703,49,"['000008', '000039', '000925', '001324', '002367', '002480', '002689', '002774', '002972', '300011', '300351', '300594', '300669', '300789', '300851', '300906', '300923', '300931', '300960', '301016', '301048', '301056', '600243', '600495', '600528', '600835', '600894', '600967', '601766', '603082', '603111', '603321', '603356', '603488', '603500', '603680', '605001', '605286', '605298', '688009', '688015', '688187', '688285', '688367', '688459', '688485', '688569', '920027', '920541']"
通用机械,880437,T0704,T0704,154,"['000410', '000530', '000777', '000837', '001268', '001306', '001379', '002026', '002046', '002122', '002150', '002164', '002184', '002248', '002272', '002282', '002342', '002347', '002438', '002514', '002520', '002559', '002598', '002633', '002685', '002747', '002760', '002795', '002823', '002871', '002877', '002884', '002896', '002903', '002931', '002943', '003025', '300083', '300091', '300145', '300154', '300161', '300257', '300260', '300420', '300421', '300441', '300464', '300470', '300488', '300503', '300606', '300718', '300780', '300809', '300817', '300828', '300838', '300850', '300885', '300943', '300946', '300971', '300984', '300988', '300992', '301040', '301043', '301070', '301079', '301107', '301125', '301137', '301151', '301160', '301202', '301232', '301252', '301255', '301261', '301268', '301273', '301309', '301311', '301317', '301368', '301377', '301399', '301446', '301448', '301548', '301596', '301603', '301616', '600114', '600343', '600592', '601002', '601177', '601369', '601882', '603088', '603112', '603173', '603187', '603269', '603270', '603308', '603400', '603617', '603667', '603699', '603757', '603915', '605060', '605100', '605389', '688017', '688028', '688059', '688255', '688257', '688305', '688308', '688333', '688355', '688360', '688379', '688395', '688455', '688558', '688577', '688648', '688697', '920026', '920082', '920169', '920223', '920245', '920505', '920510', '920570', '920579', '920593', '920608', '920662', '920679', '920693', '920720', '920807', '920855', '920870', '920942', '920943']"
机床制造,880438,T070401,T0704,24,"['000410', '000837', '002122', '002248', '002520', '002559', '002685', '002903', '002943', '003025', '300083', '300161', '300441', '300809', '301603', '601882', '603088', '688305', '688558', '688577', '688648', '688697', '920855', '920870']"
机械基件,880439,T070402,T0704,130,"['000530', '000777', '001268', '001306', '001379', '002026', '002046', '002150', '002164', '002184', '002272', '002282', '002342', '002347', '002438', '002514', '002598', '002633', '002747', '002760', '002795', '002823', '002871', '002877', '002884', '002896', '002931', '300091', '300145', '300154', '300257', '300260', '300420', '300421', '300464', '300470', '300488', '300503', '300606', '300718', '300780', '300817', '300828', '300838', '300850', '300885', '300943', '300946', '300971', '300984', '300988', '300992', '301040', '301043', '301070', '301079', '301107', '301125', '301137', '301151', '301160', '301202', '301232', '301252', '301255', '301261', '301268', '301273', '301309', '301311', '301317', '301368', '301377', '301399', '301446', '301448', '301548', '301596', '301616', '600114', '600343', '600592', '601002', '601177', '601369', '603112', '603173', '603187', '603269', '603270', '603308', '603400', '603617', '603667', '603699', '603757', '603915', '605060', '605100', '605389', '688017', '688028', '688059', '688255', '688257', '688308', '688333', '688355', '688360', '688379', '688395', '688455', '920026', '920082', '920169', '920223', '920245', '920505', '920510', '920570', '920579', '920593', '920608', '920662', '920679', '920693', '920720', '920807', '920942', '920943']"
工业机械,880440,T0705,T0705,325,"['000519', '000551', '000570', '000816', '000852', '000856', '000880', '000988', '001223', '001225', '001256', '001277', '001288', '001332', '001336', '001395', '001400', '002006', '002008', '002021', '002073', '002196', '002204', '002209', '002255', '002265', '002278', '002337', '002353', '002366', '002430', '002444', '002483', '002490', '002523', '002529', '002530', '002534', '002564', '002595', '002611', '002613', '002630', '002639', '002645', '002686', '002690', '002691', '002698', '002730', '002757', '002779', '002786', '002816', '002833', '002837', '002890', '002957', '002960', '002975', '002979', '002997', '003036', '300022', '300024', '300084', '300092', '300095', '300097', '300103', '300126', '300151', '300157', '300159', '300173', '300193', '300195', '300210', '300220', '300227', '300228', '300263', '300276', '300278', '300281', '300293', '300307', '300316', '300334', '300382', '300400', '300402', '300410', '300411', '300415', '300450', '300457', '300461', '300471', '300472', '300480', '300486', '300489', '300490', '300499', '300509', '300512', '300521', '300527', '300540', '300545', '300549', '300607', '300619', '300724', '300747', '300751', '300756', '300757', '300776', '300802', '300812', '300818', '300823', '300833', '300836', '300837', '300853', '300865', '300875', '300879', '300902', '300922', '300950', '300990', '300998', '301013', '301018', '301021', '301022', '301028', '301029', '301053', '301083', '301105', '301112', '301128', '301138', '301158', '301186', '301196', '301199', '301200', '301260', '301272', '301312', '301325', '301338', '301353', '301357', '301360', '301392', '301468', '301512', '301519', '301533', '301559', '301568', '301598', '301601', '301633', '301662', '600184', '600202', '600215', '600232', '600262', '600302', '600320', '600330', '600355', '600421', '600435', '600444', '600499', '600501', '600545', '600579', '600582', '600783', '600817', '600843', '600855', '600860', '600980', '601038', '601606', '601608', '601717', '601798', '603011', '603012', '603025', '603029', '603032', '603036', '603076', '603081', '603090', '603095', '603131', '603135', '603159', '603169', '603203', '603273', '603277', '603282', '603283', '603289', '603325', '603331', '603337', '603339', '603361', '603391', '603396', '603611', '603638', '603656', '603666', '603698', '603789', '603800', '603855', '603895', '603901', '603912', '603956', '603966', '605186', '605259', '688001', '688003', '688022', '688025', '688071', '688084', '688090', '688092', '688097', '688113', '688121', '688125', '688128', '688147', '688162', '688165', '688170', '688188', '688211', '688215', '688218', '688251', '688290', '688306', '688312', '688328', '688329', '688376', '688377', '688378', '688383', '688392', '688400', '688420', '688433', '688448', '688499', '688516', '688518', '688529', '688531', '688543', '688551', '688556', '688557', '688559', '688570', '688573', '688596', '688623', '688627', '688630', '688633', '688638', '688646', '688700', '688726', '688755', '688777', '688789', '920014', '920061', '920080', '920101', '920112', '920158', '920260', '920284', '920368', '920425', '920455', '920475', '920522', '920553', '920578', '920689', '920703', '920717', '920781', '920810', '920856', '920895', '920931']"
化工机械,880441,T070501,T0705,13,"['000852', '002278', '002337', '002353', '002430', '002490', '002564', '002698', '300228', '600579', '601798', '603325', '920931']"
轻工机械,880442,T070502,T0705,7,"['001256', '002209', '002444', '002611', '300126', '300173', '300195']"
纺织机械,880443,T070504,T0705,11,"['002021', '002196', '003036', '300307', '600232', '600302', '600545', '600843', '603025', '603095', '603337']"
农用机械,880444,T070505,T0705,13,"['000570', '000816', '002779', '002890', '300022', '300159', '300879', '301533', '601038', '603029', '603789', '605259', '920895']"
专用机械,880445,T070506,T0705,281,"['000519', '000551', '000856', '000880', '000988', '001223', '001225', '001277', '001288', '001332', '001336', '001395', '001400', '002006', '002008', '002073', '002204', '002255', '002265', '002366', '002483', '002523', '002529', '002530', '002534', '002595', '002613', '002630', '002639', '002645', '002686', '002690', '002691', '002730', '002757', '002786', '002816', '002833', '002837', '002957', '002960', '002975', '002979', '002997', '300024', '300084', '300092', '300095', '300097', '300103', '300151', '300157', '300193', '300210', '300220', '300227', '300263', '300276', '300278', '300281', '300293', '300316', '300334', '300382', '300400', '300402', '300410', '300411', '300415', '300450', '300457', '300461', '300471', '300472', '300480', '300486', '300489', '300490', '300499', '300509', '300512', '300521', '300527', '300540', '300545', '300549', '300607', '300619', '300724', '300747', '300751', '300756', '300757', '300776', '300802', '300812', '300818', '300823', '300833', '300836', '300837', '300853', '300865', '300875', '300902', '300922', '300950', '300990', '300998', '301013', '301018', '301021', '301022', '301028', '301029', '301053', '301083', '301105', '301112', '301128', '301138', '301158', '301186', '301196', '301199', '301200', '301260', '301272', '301312', '301325', '301338', '301353', '301357', '301360', '301392', '301468', '301512', '301519', '301559', '301568', '301598', '301601', '301633', '301662', '600184', '600202', '600215', '600262', '600320', '600330', '600355', '600421', '600435', '600444', '600499', '600501', '600582', '600783', '600817', '600855', '600860', '600980', '601606', '601608', '601717', '603011', '603012', '603032', '603036', '603076', '603081', '603090', '603131', '603135', '603159', '603169', '603203', '603273', '603277', '603282', '603283', '603289', '603331', '603339', '603361', '603391', '603396', '603611', '603638', '603656', '603666', '603698', '603800', '603855', '603895', '603901', '603912', '603956', '603966', '605186', '688001', '688003', '688022', '688025', '688071', '688084', '688090', '688092', '688097', '688113', '688121', '688125', '688128', '688147', '688162', '688165', '688170', '688188', '688211', '688215', '688218', '688251', '688290', '688306', '688312', '688328', '688329', '688376', '688377', '688378', '688383', '688392', '688400', '688420', '688433', '688448', '688499', '688516', '688518', '688529', '688531', '688543', '688551', '688556', '688557', '688559', '688570', '688573', '688596', '688623', '688627', '688630', '688633', '688638', '688646', '688700', '688726', '688755', '688777', '688789', '920014', '920061', '920080', '920101', '920112', '920158', '920260', '920284', '920368', '920425', '920455', '920475', '920522', '920553', '920578', '920689', '920703', '920717', '920781', '920810', '920856']"
电气设备,880446,T0706,T0706,341,"['000009', '000049', '000400', '000533', '000576', '000682', '000720', '000821', '000922', '001208', '001235', '001255', '001283', '001301', '001326', '001382', '001388', '002028', '002056', '002074', '002079', '002090', '002112', '002129', '002130', '002168', '002169', '002202', '002227', '002245', '002249', '002270', '002276', '002298', '002300', '002309', '002334', '002335', '002339', '002346', '002350', '002358', '002364', '002441', '002451', '002452', '002459', '002471', '002487', '002498', '002506', '002518', '002531', '002533', '002546', '002560', '002576', '002580', '002606', '002617', '002660', '002692', '002706', '002733', '002759', '002801', '002805', '002812', '002850', '002851', '002865', '002879', '002882', '002892', '002922', '002927', '002953', '003008', '300001', '300004', '300014', '300018', '300035', '300048', '300062', '300068', '300069', '300073', '300080', '300093', '300118', '300125', '300129', '300141', '300153', '300207', '300215', '300222', '300265', '300274', '300283', '300317', '300340', '300341', '300345', '300376', '300390', '300407', '300409', '300423', '300427', '300438', '300443', '300444', '300447', '300477', '300484', '300491', '300510', '300530', '300569', '300593', '300617', '300626', '300648', '300660', '300670', '300690', '300693', '300713', '300750', '300763', '300772', '300820', '300827', '300842', '300870', '300889', '300890', '300904', '300907', '300919', '300932', '300933', '300953', '301002', '301012', '301023', '301031', '301063', '301082', '301120', '301121', '301150', '301155', '301157', '301163', '301168', '301210', '301222', '301226', '301266', '301278', '301291', '301295', '301320', '301327', '301358', '301361', '301362', '301386', '301388', '301418', '301439', '301456', '301502', '301511', '301516', '301557', '301587', '301590', '301609', '301636', '301658', '301668', '600067', '600072', '600089', '600110', '600152', '600192', '600207', '600212', '600241', '600268', '600312', '600379', '600405', '600406', '600416', '600438', '600468', '600475', '600478', '600481', '600525', '600537', '600550', '600560', '600577', '600580', '600732', '600847', '600869', '600875', '600884', '600885', '600973', '601012', '601026', '601126', '601179', '601218', '601311', '601567', '601615', '601616', '601700', '601727', '601877', '601908', '603015', '603016', '603031', '603050', '603063', '603070', '603097', '603105', '603109', '603185', '603191', '603218', '603312', '603320', '603333', '603344', '603350', '603370', '603381', '603398', '603489', '603507', '603530', '603577', '603583', '603606', '603618', '603628', '603679', '603685', '603728', '603778', '603819', '603829', '603861', '603897', '603906', '603985', '603988', '605066', '605117', '605196', '605222', '605288', '605378', '688005', '688006', '688032', '688033', '688063', '688148', '688155', '688184', '688223', '688226', '688248', '688275', '688303', '688330', '688334', '688345', '688348', '688349', '688388', '688390', '688408', '688411', '688429', '688472', '688503', '688517', '688560', '688567', '688599', '688611', '688660', '688663', '688676', '688681', '688698', '688707', '688717', '688719', '688772', '688778', '688779', '688819', '874774', '920007', '920018', '920037', '920046', '920062', '920100', '920110', '920111', '920237', '920239', '920252', '920299', '920375', '920496', '920508', '920523', '920627', '920639', '920682', '920770', '920809', '920985']"
工程机械,880447,T0707,T0707,38,"['000157', '000425', '000528', '000680', '000811', '001226', '001239', '001360', '002009', '002097', '002158', '002526', '002535', '300185', '300201', '300275', '301032', '301161', '301279', '600031', '600169', '600761', '600815', '600984', '601100', '601106', '601399', '603194', '603280', '603298', '603338', '605305', '688425', '920002', '920174', '920599', '920706', '920839']"
电器仪表,880448,T0708,T0708,105,"['001266', '002058', '002121', '002175', '002214', '002338', '002414', '002527', '002767', '002819', '002849', '002857', '002967', '002980', '300007', '300012', '300066', '300099', '300112', '300124', '300165', '300203', '300259', '300286', '300306', '300349', '300354', '300360', '300370', '300371', '300416', '300417', '300430', '300445', '300466', '300514', '300515', '300516', '300553', '300557', '300567', '300572', '300667', '300720', '300797', '300862', '300880', '300882', '300887', '300897', '300938', '301006', '301129', '301228', '301289', '301303', '301413', '301508', '301510', '301528', '302132', '600651', '603100', '603275', '603416', '603556', '603662', '603700', '605056', '688056', '688112', '688115', '688160', '688283', '688320', '688337', '688450', '688528', '688539', '688583', '688597', '688600', '688610', '688616', '688622', '688628', '688665', '688686', '688757', '688768', '920029', '920363', '920396', '920405', '920407', '920414', '920476', '920509', '920556', '920651', '920685', '920779', '920879', '920885', '920961']"
电信运营,880452,T0801,T0801,5,"['300959', '600050', '600941', '601698', '601728']"
公共交通,880453,T0802,T0802,7,"['002357', '600561', '600611', '600650', '600834', '603069', '603776']"
水务,880454,T0803,T0803,15,"['000598', '000605', '000685', '003039', '600008', '600168', '600187', '600283', '600461', '600769', '601158', '601199', '601368', '603291', '603759']"
供气供热,880455,T0804,T0804,45,"['000407', '000421', '000593', '000669', '000692', '001210', '001299', '001331', '001376', '002259', '002267', '002700', '002893', '002911', '300332', '300335', '300435', '600052', '600167', '600226', '600333', '600617', '600635', '600681', '600719', '600803', '600903', '600917', '600956', '600982', '601139', '603053', '603080', '603318', '603393', '603689', '603706', '605011', '605028', '605090', '605162', '605169', '605368', '605580', '920010']"
环境保护,880456,T0805,T0805,123,"['000035', '000068', '000544', '000546', '000711', '000803', '000826', '000885', '000890', '000967', '001230', '002034', '002210', '002266', '002310', '002549', '002573', '002591', '002616', '002658', '002672', '002717', '002778', '002887', '002973', '003027', '300056', '300070', '300105', '300137', '300140', '300152', '300172', '300187', '300190', '300197', '300266', '300355', '300385', '300388', '300422', '300425', '300614', '300631', '300664', '300692', '300774', '300779', '300786', '300800', '300815', '300854', '300864', '300867', '300899', '300929', '300948', '300958', '300961', '301030', '301049', '301068', '301081', '301109', '301127', '301148', '301175', '301203', '301259', '301265', '301288', '301305', '301372', '301500', '600133', '600217', '600292', '600323', '600388', '600526', '600796', '600874', '601033', '601200', '601330', '601827', '603126', '603177', '603200', '603279', '603302', '603315', '603324', '603568', '603588', '603686', '603797', '603817', '603903', '605069', '605081', '688057', '688069', '688087', '688096', '688101', '688178', '688196', '688309', '688335', '688370', '688466', '688480', '688501', '688565', '688659', '688671', '688679', '688701', '920145', '920263', '920370', '920802']"
运输服务,880459,T0901,T0901,37,"['000099', '000520', '000557', '001205', '001213', '001317', '002320', '002928', '600026', '600029', '600115', '600125', '600179', '600221', '600428', '600751', '600798', '601006', '601021', '601022', '601083', '601111', '601333', '601816', '601866', '601872', '601919', '601975', '603162', '603167', '603209', '603223', '603565', '603569', '603813', '603885', '920571']"
铁路,880460,T090101,T0901,7,"['000557', '001213', '001317', '600125', '601006', '601333', '601816']"
水运,880461,T090102,T0901,19,"['000520', '001205', '002320', '600026', '600179', '600428', '600751', '600798', '601022', '601083', '601866', '601872', '601919', '601975', '603162', '603167', '603209', '603565', '920571']"
空运,880462,T090103,T0901,8,"['000099', '002928', '600029', '600115', '600221', '601021', '601111', '603885']"
公路,880463,T090104,T0901,3,"['603223', '603569', '603813']"
仓储物流,880464,T0902,T0902,46,"['000906', '000927', '001202', '001228', '001391', '002010', '002120', '002183', '002352', '002468', '002492', '002682', '002769', '002800', '002889', '002930', '300013', '300240', '300350', '300873', '600057', '600119', '600153', '600180', '600233', '600654', '600704', '600755', '600787', '600794', '601156', '601598', '603056', '603066', '603117', '603128', '603329', '603373', '603535', '603648', '603713', '603836', '603871', '603967', '605050', '920351']"
交通设施,880465,T0903,T0903,40,"['000088', '000089', '000429', '000548', '000582', '000755', '000828', '000900', '000905', '001872', '001965', '002040', '600004', '600009', '600012', '600017', '600018', '600020', '600033', '600035', '600106', '600269', '600279', '600350', '600368', '600377', '600515', '600548', '600717', '600897', '601000', '601008', '601018', '601107', '601188', '601228', '601298', '601326', '601518', '601880']"
路桥,880466,T090301,T0903,19,"['000429', '000548', '000755', '000828', '000900', '001965', '600012', '600020', '600033', '600035', '600106', '600269', '600350', '600368', '600377', '600548', '601107', '601188', '601518']"
机场,880467,T090302,T0903,5,"['000089', '600004', '600009', '600515', '600897']"
港口,880468,T090303,T0903,16,"['000088', '000582', '000905', '001872', '002040', '600017', '600018', '600279', '600717', '601000', '601008', '601018', '601228', '601298', '601326', '601880']"
银行,880471,T1001,T1001,42,"['000001', '001227', '002142', '002807', '002839', '002936', '002948', '002958', '002966', '600000', '600015', '600016', '600036', '600908', '600919', '600926', '600928', '601009', '601077', '601128', '601166', '601169', '601187', '601229', '601288', '601328', '601398', '601528', '601577', '601658', '601665', '601818', '601825', '601838', '601860', '601916', '601939', '601963', '601988', '601997', '601998', '603323']"
证券,880472,T1002,T1002,50,"['000166', '000686', '000712', '000728', '000750', '000776', '000783', '002500', '002670', '002673', '002736', '002797', '002926', '002939', '002945', '300059', '600030', '600061', '600095', '600109', '600155', '600369', '600621', '600864', '600906', '600909', '600918', '600958', '600999', '601059', '601066', '601099', '601108', '601136', '601162', '601198', '601211', '601236', '601375', '601377', '601456', '601555', '601688', '601696', '601788', '601878', '601881', '601901', '601990', '601995']"
保险,880473,T1003,T1003,5,"['601318', '601319', '601336', '601601', '601628']"
多元金融,880474,T1004,T1004,24,"['000415', '000532', '000563', '000567', '000617', '000958', '000987', '001236', '002423', '002647', '002961', '600053', '600120', '600318', '600390', '600517', '600643', '600816', '600830', '600901', '600927', '603093', '603123', '603300']"
建筑,880476,T1101,T1101,154,"['000010', '000032', '000065', '000090', '000498', '000628', '000779', '000928', '001267', '002047', '002051', '002060', '002061', '002062', '002081', '002116', '002140', '002163', '002200', '002307', '002323', '002375', '002431', '002482', '002542', '002586', '002620', '002628', '002663', '002713', '002761', '002775', '002789', '002811', '002822', '002830', '002856', '002883', '002941', '002949', '002963', '002989', '003001', '003013', '300021', '300029', '300284', '300384', '300500', '300506', '300517', '300536', '300564', '300621', '300635', '300649', '300668', '300675', '300712', '300732', '300746', '300778', '300826', '300844', '300949', '300977', '300982', '300983', '300986', '300989', '301024', '301027', '301038', '301046', '301058', '301091', '301098', '301115', '301136', '301167', '301365', '301390', '301505', '301632', '600039', '600170', '600193', '600234', '600248', '600284', '600491', '600502', '600512', '600629', '600720', '600820', '600846', '600853', '600939', '600970', '601068', '601117', '601133', '601186', '601226', '601390', '601611', '601618', '601668', '601669', '601789', '601800', '601868', '601886', '603007', '603017', '603018', '603030', '603060', '603098', '603137', '603153', '603163', '603176', '603183', '603257', '603316', '603357', '603359', '603388', '603458', '603637', '603815', '603828', '603843', '603860', '603909', '603929', '603955', '603959', '605167', '605178', '605287', '605289', '605303', '605598', '920019', '920039', '920149', '920208', '920427', '920873', '920892', '920964']"
建筑工程,880477,T110101,T1101,128,"['000010', '000032', '000065', '000090', '000498', '000628', '000779', '000928', '001267', '002051', '002060', '002061', '002062', '002116', '002140', '002200', '002307', '002323', '002431', '002542', '002586', '002628', '002663', '002761', '002775', '002883', '002941', '002949', '003001', '003013', '300021', '300029', '300284', '300384', '300500', '300506', '300517', '300536', '300564', '300635', '300649', '300675', '300712', '300732', '300746', '300778', '300826', '300844', '300949', '300977', '300982', '300983', '300986', '300989', '301024', '301027', '301038', '301046', '301058', '301091', '301098', '301115', '301136', '301167', '301365', '301390', '301505', '301632', '600039', '600170', '600248', '600284', '600491', '600502', '600512', '600629', '600720', '600820', '600846', '600853', '600939', '600970', '601068', '601117', '601133', '601186', '601226', '601390', '601611', '601618', '601668', '601669', '601789', '601800', '601868', '603007', '603017', '603018', '603060', '603153', '603163', '603176', '603183', '603257', '603316', '603357', '603359', '603388', '603458', '603637', '603815', '603843', '603860', '603909', '603955', '603959', '605167', '605289', '605303', '605598', '920019', '920039', '920149', '920208', '920427', '920873', '920892', '920964']"
装修装饰,880478,T110102,T1101,26,"['002047', '002081', '002163', '002375', '002482', '002620', '002713', '002789', '002811', '002822', '002830', '002856', '002963', '002989', '300621', '300668', '600193', '600234', '601886', '603030', '603098', '603137', '603828', '603929', '605178', '605287']"
房地产,880482,T1102,T1102,100,"['000002', '000006', '000011', '000014', '000029', '000031', '000036', '000042', '000069', '000402', '000514', '000517', '000560', '000573', '000608', '000609', '000620', '000656', '000668', '000718', '000736', '000797', '000809', '000838', '000863', '000886', '000897', '000909', '000926', '000965', '001914', '001979', '002016', '002133', '002146', '002188', '002208', '002244', '002285', '002305', '002314', '002968', '300917', '300947', '600007', '600048', '600064', '600082', '600094', '600113', '600136', '600159', '600162', '600173', '600185', '600208', '600239', '600246', '600266', '600322', '600325', '600340', '600376', '600383', '600463', '600503', '600510', '600533', '600603', '600604', '600605', '600606', '600622', '600638', '600639', '600641', '600648', '600649', '600657', '600658', '600663', '600665', '600675', '600683', '600684', '600692', '600708', '600716', '600736', '600743', '600748', '600773', '600791', '600848', '600895', '601155', '601512', '601588', '603506', '603682']"
全国地产,880483,T110201,T1102,26,"['000002', '000014', '000031', '000036', '000042', '000069', '000402', '000620', '000656', '000736', '000797', '001979', '002133', '002146', '600048', '600162', '600173', '600208', '600383', '600510', '600606', '600657', '600665', '600708', '600748', '600791']"
区域地产,880484,T110202,T1102,47,"['000006', '000029', '000514', '000517', '000573', '000608', '000609', '000718', '000809', '000838', '000863', '000886', '000897', '000909', '000926', '000965', '002016', '002208', '002244', '002305', '002314', '600094', '600113', '600159', '600185', '600239', '600246', '600266', '600322', '600325', '600376', '600503', '600533', '600603', '600622', '600638', '600641', '600649', '600675', '600683', '600684', '600692', '600716', '600743', '600773', '601155', '601588']"
园区开发,880485,T110203,T1102,14,"['600007', '600064', '600082', '600340', '600463', '600604', '600639', '600648', '600658', '600663', '600736', '600848', '600895', '601512']"
房产服务,880486,T110204,T1102,13,"['000011', '000560', '000668', '001914', '002188', '002285', '002968', '300917', '300947', '600136', '600605', '603506', '603682']"
IT设备,880489,T1201,T1201,78,"['000066', '000938', '000977', '000997', '001229', '001339', '002152', '002180', '002197', '002236', '002268', '002351', '002376', '002415', '002512', '002528', '002577', '002835', '002866', '002912', '002955', '002970', '003004', '300042', '300045', '300076', '300079', '300130', '300155', '300249', '300270', '300302', '300333', '300368', '300386', '300449', '300455', '300462', '300531', '300546', '300552', '300588', '300656', '300659', '300743', '300771', '300793', '300857', '300884', '300941', '301042', '301189', '301318', '301330', '301339', '301391', '301491', '301503', '301578', '301589', '600100', '603019', '603106', '603496', '603508', '603516', '603660', '688060', '688208', '688288', '688475', '688489', '688775', '920090', '920190', '920198', '920395', '920808']"
通信设备,880490,T1202,T1202,136,"['000063', '000070', '000547', '000561', '000586', '000815', '000851', '000889', '002017', '002104', '002151', '002161', '002194', '002231', '002281', '002296', '002313', '002369', '002383', '002396', '002413', '002446', '002465', '002491', '002519', '002544', '002583', '002792', '002796', '002869', '002902', '002929', '002977', '003040', '300025', '300050', '300101', '300134', '300177', '300183', '300205', '300211', '300213', '300252', '300308', '300310', '300353', '300394', '300397', '300414', '300502', '300504', '300548', '300555', '300560', '300563', '300565', '300570', '300578', '300590', '300597', '300603', '300615', '300620', '300627', '300628', '300638', '300689', '300698', '300710', '300711', '300736', '300762', '300913', '301139', '301165', '301191', '301205', '301307', '301419', '301600', '301608', '600105', '600131', '600198', '600345', '600487', '600498', '600522', '600562', '600590', '600775', '600776', '600990', '601138', '601869', '603042', '603083', '603118', '603206', '603220', '603236', '603322', '603341', '603421', '603559', '603602', '603712', '603803', '688002', '688027', '688036', '688080', '688100', '688132', '688143', '688159', '688175', '688182', '688205', '688282', '688292', '688313', '688387', '688418', '688522', '688552', '688592', '688618', '688668', '688788', '920008', '920374', '920640', '920924', '920976']"
半导体,880491,T1203,T1203,184,"['001270', '001309', '002049', '002077', '002119', '002156', '002185', '002213', '002371', '002409', '002449', '003026', '003043', '300046', '300053', '300077', '300102', '300123', '300223', '300236', '300241', '300301', '300303', '300323', '300327', '300346', '300373', '300456', '300458', '300604', '300613', '300623', '300632', '300655', '300661', '300666', '300671', '300672', '300708', '300782', '300831', '301095', '301269', '301297', '301308', '301348', '301369', '301536', '301581', '301611', '301629', '301678', '600171', '600206', '600360', '600460', '600520', '600584', '600667', '600703', '600745', '600877', '603005', '603061', '603068', '603078', '603160', '603290', '603375', '603501', '603690', '603893', '603986', '605111', '605358', '688008', '688012', '688018', '688019', '688035', '688037', '688041', '688045', '688047', '688048', '688049', '688052', '688061', '688072', '688082', '688099', '688107', '688110', '688120', '688123', '688126', '688130', '688135', '688138', '688141', '688146', '688153', '688172', '688173', '688200', '688206', '688209', '688213', '688216', '688220', '688230', '688233', '688234', '688249', '688252', '688256', '688259', '688261', '688262', '688270', '688279', '688286', '688325', '688332', '688347', '688352', '688361', '688362', '688368', '688372', '688380', '688381', '688385', '688391', '688396', '688401', '688403', '688409', '688416', '688419', '688432', '688449', '688458', '688469', '688478', '688484', '688486', '688498', '688508', '688512', '688515', '688521', '688525', '688530', '688535', '688536', '688538', '688584', '688589', '688591', '688593', '688595', '688601', '688605', '688608', '688620', '688652', '688653', '688689', '688691', '688693', '688699', '688702', '688709', '688711', '688720', '688721', '688728', '688729', '688766', '688783', '688798', '688981', '920139']"
元器件,880492,T1204,T1204,301,"['000020', '000021', '000045', '000050', '000062', '000100', '000509', '000536', '000636', '000670', '000725', '000727', '000733', '000823', '001287', '001298', '001308', '001314', '001373', '001389', '002025', '002036', '002045', '002055', '002106', '002134', '002137', '002138', '002139', '002179', '002189', '002199', '002217', '002222', '002241', '002273', '002289', '002384', '002387', '002388', '002402', '002426', '002436', '002456', '002463', '002475', '002484', '002552', '002579', '002587', '002600', '002635', '002636', '002655', '002681', '002724', '002729', '002745', '002765', '002782', '002808', '002815', '002841', '002845', '002855', '002859', '002861', '002876', '002881', '002885', '002888', '002897', '002913', '002916', '002925', '002937', '002938', '002947', '002952', '002962', '002981', '002983', '002992', '002993', '003015', '003019', '003021', '003028', '003031', '300032', '300088', '300115', '300120', '300128', '300131', '300136', '300162', '300184', '300219', '300232', '300256', '300269', '300279', '300296', '300319', '300322', '300331', '300389', '300408', '300433', '300460', '300474', '300475', '300476', '300493', '300543', '300566', '300582', '300602', '300629', '300650', '300657', '300679', '300684', '300686', '300691', '300701', '300706', '300709', '300726', '300735', '300739', '300752', '300787', '300790', '300814', '300822', '300843', '300852', '300866', '300868', '300903', '300909', '300916', '300936', '300939', '300940', '300951', '300956', '300964', '300968', '300975', '300976', '300991', '301041', '301045', '301051', '301067', '301086', '301099', '301106', '301123', '301132', '301135', '301176', '301180', '301182', '301183', '301217', '301251', '301275', '301280', '301282', '301285', '301314', '301319', '301321', '301326', '301328', '301329', '301359', '301366', '301379', '301383', '301387', '301389', '301421', '301458', '301479', '301486', '301489', '301517', '301563', '301566', '301567', '301571', '301577', '301606', '301626', '301628', '301631', '600071', '600130', '600183', '600203', '600237', '600288', '600353', '600363', '600552', '600563', '600601', '600666', '600707', '601231', '603052', '603175', '603186', '603228', '603267', '603296', '603297', '603327', '603328', '603380', '603386', '603595', '603626', '603629', '603678', '603703', '603738', '603773', '603890', '603920', '603933', '603936', '603989', '605058', '605118', '605218', '605258', '605277', '605588', '688007', '688010', '688011', '688020', '688053', '688055', '688079', '688103', '688127', '688150', '688167', '688181', '688183', '688195', '688210', '688260', '688272', '688299', '688307', '688311', '688322', '688371', '688375', '688439', '688496', '688502', '688511', '688519', '688545', '688549', '688582', '688629', '688636', '688655', '688661', '688662', '688678', '688683', '688776', '688800', '920001', '920005', '920060', '920128', '920212', '920249', '920267', '920346', '920357', '920438', '920491', '920701', '920821', '920857', '920876', '920950', '920981']"
软件服务,880493,T1205,T1205,284,"['000004', '000034', '000158', '000409', '000503', '000555', '000948', '002063', '002065', '002153', '002178', '002195', '002212', '002230', '002232', '002253', '002261', '002279', '002316', '002322', '002331', '002362', '002368', '002373', '002380', '002401', '002405', '002410', '002421', '002439', '002474', '002609', '002642', '002649', '002657', '002771', '002777', '002908', '002987', '002990', '003005', '003007', '003029', '300010', '300017', '300020', '300033', '300036', '300044', '300047', '300074', '300075', '300078', '300085', '300096', '300098', '300150', '300166', '300167', '300168', '300170', '300188', '300212', '300229', '300231', '300235', '300245', '300248', '300250', '300253', '300264', '300271', '300277', '300287', '300288', '300290', '300300', '300311', '300324', '300339', '300344', '300348', '300352', '300365', '300366', '300369', '300377', '300378', '300379', '300380', '300383', '300419', '300440', '300442', '300448', '300451', '300454', '300465', '300468', '300469', '300479', '300496', '300508', '300513', '300520', '300523', '300525', '300532', '300541', '300542', '300550', '300551', '300556', '300559', '300561', '300579', '300598', '300605', '300608', '300609', '300624', '300634', '300645', '300663', '300674', '300678', '300682', '300687', '300730', '300738', '300768', '300773', '300803', '300807', '300830', '300845', '300846', '300872', '300895', '300925', '300935', '300996', '301085', '301117', '301153', '301159', '301162', '301172', '301178', '301179', '301185', '301195', '301197', '301208', '301213', '301218', '301221', '301236', '301248', '301270', '301302', '301315', '301316', '301337', '301378', '301380', '301396', '301556', '301592', '600271', '600289', '600410', '600446', '600476', '600536', '600570', '600571', '600588', '600589', '600602', '600718', '600728', '600734', '600756', '600797', '600845', '600850', '600936', '601519', '603039', '603138', '603171', '603189', '603232', '603383', '603528', '603636', '603859', '603869', '603881', '603887', '603918', '603927', '603990', '605398', '688004', '688023', '688030', '688031', '688038', '688039', '688051', '688058', '688066', '688078', '688081', '688083', '688088', '688095', '688109', '688111', '688118', '688152', '688158', '688168', '688171', '688191', '688201', '688207', '688225', '688227', '688228', '688229', '688232', '688244', '688246', '688258', '688291', '688296', '688316', '688318', '688327', '688343', '688365', '688369', '688435', '688479', '688507', '688509', '688561', '688562', '688568', '688579', '688588', '688590', '688615', '688619', '688631', '688651', '688657', '688682', '688692', '688695', '688787', '920092', '920116', '920130', '920171', '920184', '920207', '920227', '920305', '920415', '920493', '920564', '920592', '920670', '920680', '920748', '920790', '920799', '920806', '920932', '920953']"
互联网,880494,T1206,T1206,80,"['000676', '000681', '002095', '002115', '002123', '002127', '002131', '002148', '002174', '002264', '002315', '002354', '002425', '002467', '002517', '002555', '002558', '002602', '002605', '002624', '002640', '002654', '002803', '002919', '002995', '003010', '300002', '300031', '300043', '300052', '300061', '300063', '300113', '300209', '300226', '300242', '300292', '300295', '300299', '300315', '300399', '300418', '300459', '300467', '300494', '300518', '300533', '300571', '300592', '300766', '300785', '300792', '300921', '300987', '301001', '301110', '301171', '301299', '301381', '301382', '301428', '301558', '600228', '600365', '600539', '600556', '600633', '600892', '600986', '601360', '603000', '603258', '603444', '603533', '603598', '603613', '603825', '603888', '605168', '688500']"
综合类,880497,T1301,T1301,19,"['000025', '000631', '000632', '000753', '000820', '000833', '000839', '300051', '600051', '600149', '600620', '600673', '600689', '600724', '600770', '600784', '600805', '600881', '920122']"
